portfolioId,Name,NAV,Change,YTD
239726,iShares Core S&P 500 ETF,237.98,-0.25,1.89
239623,iShares MSCI EAFE ETF,60.46,0.20,2.88
239458,iShares Core U.S. Aggregate Bond ETF,108.75,0.05,0.19
239763,iShares Core S&P Mid-Cap ETF,172.50,-1.08,1.68
239708,iShares Russell 1000 Value ETF,116.69,-0.25,0.70
239710,iShares Russell 2000 ETF,137.89,-1.51,0.40
239706,iShares Russell 1000 Growth ETF,112.81,-0.37,3.35
239566,iShares iBoxx $ Investment Grade Corporate Bond ETF,118.42,0.17,0.17
239774,iShares Core S&P Small-Cap ETF,69.51,-1.55,-0.40
239637,iShares MSCI Emerging Markets ETF,38.22,-0.42,5.43
244050,iShares Core MSCI Emerging Markets ETF,46.38,-0.37,5.38
239467,iShares TIPS Bond ETF,114.63,0.06,0.85
253743,iShares Core S&P 500 UCITS ETF,224.40,0.60,1.88
244049,iShares Core MSCI EAFE ETF,56.27,0.23,3.01
239565,iShares iBoxx $ High Yield Corporate Bond ETF,88.08,0.11,1.02
239707,iShares Russell 1000 ETF,131.75,-0.31,2.00
239500,iShares Select Dividend ETF,92.29,0.01,1.49
239826,iShares U.S. Preferred Stock ETF,38.71,-0.03,2.36
239665,iShares MSCI Japan ETF,51.46,0.21,3.69
239725,iShares S&P 500 Growth ETF,130.41,-0.28,2.97
239718,iShares Russell Mid-Cap ETF,188.23,-0.62,2.40
239728,iShares S&P 500 Value ETF,105.87,-0.23,0.65
239695,iShares Edge MSCI Min Vol USA ETF,47.85,-0.04,1.31
239451,iShares 1-3 Year Credit Bond ETF,105.19,0.01,0.26
239452,iShares 1-3 Year Treasury Bond ETF,84.54,-0.02,0.08
239465,iShares MBS ETF,106.68,0.02,-0.05
239719,iShares Russell Mid-Cap Value ETF,84.02,-0.49,1.67
251882,iShares Core MSCI World UCITS ETF,46.59,0.34,2.38
239572,iShares J.P. Morgan USD Emerging Markets Bond ETF,113.43,0.05,1.48
239712,iShares Russell 2000 Value ETF,119.69,-1.49,-0.71
239699,iShares Nasdaq Biotechnology ETF,297.10,-0.39,4.93
239561,iShares Gold Trust,12.08,-0.17,4.66
251900,iShares S&P 500 UCITS ETF,23.58,0.60,1.85
239766,iShares National Muni Bond ETF,108.92,0.05,0.42
239709,iShares Russell 2000 Growth ETF,160.25,-1.53,1.64
239644,iShares MSCI Eurozone ETF,35.52,0.36,1.44
239724,iShares Core S&P Total U.S. Stock Market ETF,54.20,-0.42,1.95
239714,iShares Russell 3000 ETF,140.39,-0.41,1.87
239717,iShares Russell Mid-Cap Growth ETF,103.46,-0.79,3.32
239456,iShares 7-10 Year Treasury Bond ETF,105.69,0.03,0.13
239627,iShares MSCI EAFE Small-Cap ETF,52.95,0.40,3.54
239463,iShares Intermediate Credit Bond ETF,109.06,0.04,0.34
251824,iShares J.P. Morgan $ EM Bond UCITS ETF,111.23,0.16,1.44
239563,iShares Core High Dividend ETF,84.70,0.01,-0.66
239600,iShares MSCI ACWI ETF,62.50,-0.19,2.68
239455,iShares 3-7 Year Treasury Bond ETF,123.07,-0.03,0.24
239764,iShares S&P Mid-Cap 400 Value ETF,150.01,-1.06,1.37
239762,iShares S&P Mid-Cap 400 Growth ETF,191.59,-1.10,1.93
239855,iShares Silver Trust,17.32,-0.29,6.36
239626,iShares Edge MSCI Min Vol EAFE ETF,64.52,0.19,2.74
251881,iShares MSCI World UCITS ETF,39.20,0.34,2.37
251832,iShares $ Corp Bond UCITS ETF,113.41,0.01,0.14
239612,iShares MSCI Brazil Capped ETF,38.52,0.00,9.74
239454,iShares 20+ Year Treasury Bond ETF,121.65,0.30,0.41
239775,iShares S&P Small-Cap 600 Value ETF,140.29,-1.66,-1.12
239628,iShares MSCI EAFE Value ETF,48.87,0.27,2.45
251857,iShares MSCI EM UCITS ETF USD (Dist),36.63,0.25,5.44
239534,iShares Floating Rate Bond ETF,50.81,0.01,0.16
239723,iShares S&P 100 ETF,105.14,-0.17,1.44
264659,iShares Core MSCI EM IMI UCITS ETF,24.19,0.23,5.44
239466,iShares Short Treasury Bond ETF,110.37,0.01,0.06
239773,iShares S&P Small-Cap 600 Growth ETF,152.84,-1.45,0.23
239520,iShares U.S. Real Estate ETF,80.38,-0.50,0.20
244048,iShares Core MSCI Total International Stock ETF,53.33,-0.04,3.64
251833,iShares $ High Yield Corp Bond UCITS ETF,105.52,0.25,1.04
239659,iShares MSCI India ETF,29.64,0.07,4.28
239650,iShares MSCI Germany ETF,27.61,0.19,3.08
251724,iShares EM Local Govt Bond UCITS ETF,62.08,-0.25,2.12
251714,iShares $ TIPS UCITS ETF,201.13,0.02,0.86
239499,iShares International Select Dividend ETF,30.76,0.13,2.66
239641,iShares Edge MSCI Min Vol Emerging Markets ETF,52.03,-0.25,2.60
259622,iShares Currency Hedged MSCI EAFE ETF,26.81,-0.23,0.54
256101,iShares Edge MSCI USA Quality Factor ETF,73.19,-0.14,1.22
239468,iShares U.S. Treasury Bond ETF,25.09,0.03,0.20
239615,iShares MSCI Canada ETF,26.70,-1.64,3.71
239482,iShares Cohen & Steers REIT ETF,102.87,-0.58,-0.27
239522,iShares U.S. Technology ETF,132.17,-0.55,4.76
239681,iShares MSCI South Korea Capped ETF,59.14,0.71,7.10
239536,iShares China Large-Cap ETF,38.17,-0.55,4.78
239686,iShares MSCI Taiwan Capped ETF,32.61,0.00,4.88
239605,iShares Edge MSCI Min Vol Global ETF,76.52,-0.03,1.73
251801,iShares Developed Markets Property Yield UCITS ETF,25.09,0.67,0.52
258441,iShares Physical Gold ETC,24.37,0.28,4.61
239601,iShares MSCI All Country Asia ex Japan ETF,60.74,-0.12,6.14
239622,iShares MSCI EAFE Growth ETF,67.49,0.13,3.33
239690,iShares MSCI United Kingdom ETF,31.92,-0.03,1.26
251616,iShares Edge MSCI USA Value Factor ETF,74.36,-0.47,1.34
239674,iShares MSCI Pacific ex Japan ETF,43.43,-0.29,5.64
239502,iShares U.S. Aerospace & Defense ETF,151.75,-0.41,1.26
239854,iShares Short Maturity Bond ETF,50.23,0.01,0.14
239736,iShares Europe ETF,40.21,0.31,2.00
239464,iShares Intermediate Government/Credit Bond ETF,110.33,0.00,0.26
239619,iShares MSCI China ETF,48.77,-0.51,6.73
251873,iShares MSCI North America UCITS ETF,44.87,0.58,2.12
258100,iShares 0-5 Year High Yield Corporate Bond ETF,47.81,0.09,0.91
251614,iShares Edge MSCI USA Momentum Factor ETF,81.17,-0.20,3.33
239508,iShares U.S. Financials ETF,106.85,-0.32,0.56
251866,iShares MSCI Japan UCITS ETF USD (Dist),12.96,0.10,3.67
239594,iShares MSCI ACWI ex U.S. ETF,42.47,-0.10,3.51
251716,iShares $ Treasury Bond 7-10yr UCITS ETF,194.57,-0.01,0.13
239607,iShares MSCI Australia ETF,22.02,-0.16,4.22
239511,iShares U.S. Healthcare ETF,157.03,-0.24,2.47
251867,iShares Core MSCI Japan IMI UCITS ETF,36.43,0.08,3.72
251848,iShares MSCI AC Far East ex-Japan UCITS ETF,46.55,0.13,6.35
239670,iShares MSCI Mexico Capped ETF,46.35,-1.87,1.72
251715,iShares $ Treasury Bond 1-3yr UCITS ETF,132.51,-0.01,0.09
239657,iShares MSCI Hong Kong ETF,21.57,-0.72,7.69
239737,iShares Global 100 ETF,80.43,0.03,1.03
251382,iShares Edge MSCI World Minimum Volatility UCITS ETF,38.76,0.36,1.82
239744,iShares Global Healthcare ETF,102.49,-0.06,2.05
239772,iShares Short-Term National Muni Bond ETF,105.74,0.06,0.47
239746,iShares Global Infrastructure ETF,40.81,0.13,1.30
258126,iShares $ Short Duration Corp Bond UCITS ETF,100.86,-0.02,0.26
239715,iShares Core S&P U.S. Value ETF,51.27,-0.29,0.71
239512,iShares U.S. Home Construction ETF,30.46,-0.50,5.27
239507,iShares U.S. Energy ETF,39.20,-0.33,-3.35
239713,iShares Core S&P U.S. Growth ETF,45.97,-0.34,3.01
264623,iShares Core Dividend Growth ETF,30.61,-0.24,1.18
239501,iShares Transportation Average ETF,169.88,-0.56,1.62
239460,iShares U.S. Credit Bond ETF,110.17,0.10,0.31
239543,iShares Mortgage Real Estate Capped ETF,45.09,0.50,1.45
239514,iShares U.S. Industrials ETF,126.85,-0.56,1.88
268708,iShares Currency Hedged MSCI Eurozone ETF,27.13,-0.07,-0.23
239509,iShares U.S. Financial Services ETF,112.66,-0.43,0.72
251851,iShares MSCI Australia UCITS ETF,32.64,-0.21,4.22
270048,iShares Edge MSCI World Value Factor UCITS ETF,27.42,0.26,2.29
253741,iShares NASDAQ 100 UCITS ETF,295.22,0.49,5.21
251920,iShares S&P SmallCap 600 UCITS ETF,57.39,0.83,-0.44
239757,iShares S&P GSCI Commodity-Indexed Trust,15.33,-0.30,-1.41
239761,iShares Latin America 40 ETF,31.33,-1.35,9.43
239769,iShares North American Tech ETF,135.50,-0.52,4.86
239768,iShares North American Natural Resources ETF,34.60,-0.46,-0.72
239513,iShares Dow Jones U.S. ETF,118.68,-0.35,2.03
264617,iShares Core MSCI Europe ETF,42.21,0.32,2.23
251383,iShares Edge S&P 500 Minimum Volatility UCITS ETF,44.96,0.72,0.41
239685,iShares MSCI Switzerland Capped ETF,31.17,0.70,4.20
239450,iShares 0-5 Year TIPS Bond ETF,101.26,-0.03,0.48
239516,iShares U.S. Medical Devices ETF,149.47,-0.41,6.90
239750,iShares Global Tech ETF,120.35,-0.32,4.75
251896,iShares NASDAQ-100® UCITS ETF (DE),50.83,-0.10,5.18
251750,iShares US Aggregate Bond UCITS ETF,103.51,-0.04,0.14
253721,iShares MSCI Canada UCITS ETF,121.97,0.21,3.71
239741,iShares Global Energy ETF,33.16,-0.27,-2.73
259624,iShares Currency Hedged MSCI Japan ETF,28.10,-0.60,0.14
239756,iShares Core Growth Allocation ETF,41.97,-0.19,1.61
272532,iShares Exponential Technologies ETF,29.08,-0.34,4.26
253735,iShares Core MSCI Pacific ex-Japan UCITS ETF,128.26,-0.11,5.68
264619,iShares Core MSCI Pacific ETF,52.09,0.08,4.33
251753,iShares Global Govt Bond UCITS ETF,103.01,-0.39,0.89
239716,iShares Micro-Cap ETF,85.19,-1.51,-1.63
285207,iShares Edge MSCI USA Value Factor UCITS ETF,5.80,0.83,1.32
239705,iShares PHLX Semiconductor ETF,131.46,-1.30,4.20
251813,iShares Global Corp Bond UCITS ETF,95.06,-0.23,0.83
239423,iShares 10+ Year Credit Bond ETF,59.77,0.25,0.19
280523,iShares S&P 500 Financials Sector UCITS ETF,6.29,0.46,0.20
239720,iShares Russell Top 200 Growth ETF,60.82,-0.23,3.36
239771,iShares North American Tech-Software ETF,122.78,-1.00,7.71
239506,iShares U.S. Consumer Services ETF,159.24,-0.73,3.11
239758,iShares India 50 ETF,30.34,-0.18,4.76
258128,iShares $ Short Duration High Yield Corp Bond UCITS ETF,95.26,0.18,0.85
239667,iShares MSCI KLD 400 Social ETF,86.82,-0.32,2.35
264615,iShares Core Total USD Bond Market ETF,50.57,0.05,0.36
244051,iShares Core 1-5 Year USD Bond ETF,50.11,0.00,0.36
239579,iShares Morningstar Large-Cap ETF,141.51,-0.21,1.93
239503,iShares U.S. Basic Materials ETF,88.47,0.01,4.43
239521,iShares U.S. Regional Banks ETF,47.51,-0.70,0.75
239683,iShares MSCI Spain Capped ETF,27.43,1.20,2.97
239731,iShares California Muni Bond ETF,116.13,0.04,0.49
239519,iShares U.S. Pharmaceuticals ETF,153.24,-1.25,0.43
239524,iShares U.S. Utilities ETF,129.48,0.87,1.26
239582,iShares Morningstar Mid-Cap ETF,167.51,-0.50,2.32
239580,iShares Morningstar Large-Cap Growth ETF,130.21,-0.27,3.75
253744,iShares $ Treasury Bond 3-7yr UCITS ETF,122.64,-0.02,0.24
251809,iShares Global Infrastructure UCITS ETF,24.07,0.60,0.98
239645,iShares MSCI Europe Financials ETF,19.21,0.41,3.21
251803,iShares US Property Yield UCITS ETF,28.97,1.33,-0.76
251814,iShares Global High Yield Corp Bond UCITS ETF,96.49,-0.03,1.59
239765,iShares Core Moderate Allocation ETF,36.15,-0.13,1.02
239457,iShares Agency Bond ETF,113.11,0.02,0.25
251858,iShares MSCI EM UCITS ETF USD (Acc),28.99,0.24,5.46
239830,iShares International Treasury Bond ETF,91.40,0.11,1.44
251918,iShares Listed Private Equity UCITS ETF,19.03,-0.08,3.78
272408,iShares iBonds Sep 2018 $ Corp UCITS ETF,5.02,0.00,0.20
239740,iShares Global Consumer Staples ETF,98.27,0.05,1.82
251798,iShares China Large Cap UCITS ETF,110.71,-0.42,4.76
251856,iShares MSCI EM Latin America UCITS ETF,17.38,0.50,7.55
251746,iShares Global Inflation Linked Govt Bond UCITS ETF,147.36,-0.54,1.23
239523,iShares U.S. Telecommunications ETF,33.29,-2.37,3.11
253480,iShares MSCI USA Small Cap UCITS ETF,286.05,0.82,1.37
257514,iShares MSCI Japan USD Hedged UCITS ETF (Acc),31.34,0.58,0.23
239649,iShares MSCI Frontier 100 ETF,27.26,-0.44,7.41
239505,iShares U.S. Consumer Goods ETF,118.65,0.08,2.83
239729,iShares Core Aggressive Allocation ETF,49.34,-0.25,2.16
239678,iShares MSCI Singapore Capped ETF,22.30,-0.13,8.25
239453,iShares 10-20 Year Treasury Bond ETF,134.80,0.11,0.29
239510,iShares U.S. Healthcare Providers ETF,135.75,-0.70,3.55
239664,iShares MSCI Italy Capped ETF,23.70,0.21,-2.47
253740,iShares MSCI USA UCITS ETF,219.46,0.60,2.03
239692,iShares MSCI USA ESG Select ETF,97.86,-0.32,1.74
251380,iShares Edge MSCI EM Minimum Volatility UCITS ETF,25.21,0.06,2.61
259623,iShares Currency Hedged MSCI Germany ETF,26.77,-0.21,1.51
239588,iShares Morningstar Small-Cap Value ETF,146.80,-1.14,1.32
251871,iShares MSCI Korea UCITS ETF USD (Dist),38.94,1.02,7.67
239661,iShares MSCI Indonesia ETF,24.73,0.11,-0.25
264660,iShares MSCI USA Dividend IQ UCITS ETF,30.44,0.58,0.82
239540,iShares International Developed Real Estate ETF,27.54,-0.03,1.97
251567,iShares Asia Pacific Dividend UCITS ETF,29.75,0.68,4.15
251908,iShares Gold Producers UCITS ETF,10.36,-0.72,12.77
251913,iShares Global Water UCITS ETF,35.51,0.62,3.71
239677,iShares MSCI Russia Capped ETF,31.47,-1.93,0.90
251850,iShares MSCI ACWI UCITS ETF,41.06,0.32,2.64
239689,iShares MSCI Turkey ETF,35.42,-1.25,3.03
251874,iShares MSCI Pacific ex-Japan UCITS ETF,41.96,-0.11,5.63
251870,iShares MSCI Japan Small Cap UCITS ETF,35.85,-0.02,3.75
239680,iShares MSCI South Africa ETF,55.36,-2.32,2.76
251771,iShares Dow Jones U.S. Select Dividend UCITS ETF (DE),63.61,0.42,1.46
239688,iShares MSCI Thailand Capped ETF,75.27,0.09,3.75
239545,iShares Residential Real Estate Capped ETF,64.61,-0.07,-1.73
253736,iShares MSCI Russia ADR/GDR UCITS ETF,92.84,1.33,-1.56
239618,iShares MSCI Chile Capped ETF,40.53,-0.26,4.49
239581,iShares Morningstar Large-Cap Value ETF,97.88,-0.13,0.20
239696,iShares MSCI World ETF,76.98,-0.16,2.38
239742,iShares Global Financials ETF,60.77,-0.14,2.30
253732,iShares MSCI Japan UCITS ETF USD (Acc),131.45,0.11,3.68
239584,iShares Morningstar Mid-Cap Value ETF,149.92,-0.57,1.68
253713,iShares Dow Jones Industrial Average UCITS ETF,220.35,0.57,0.57
251878,iShares MSCI Taiwan UCITS ETF,40.33,0.14,4.90
251853,iShares MSCI Brazil UCITS ETF USD (Dist),32.50,0.37,10.67
268752,iShares Global REIT ETF,25.94,-0.51,-0.20
271054,iShares MSCI ACWI Low Carbon Target ETF,102.39,-0.19,2.88
239730,iShares Asia 50 ETF,51.06,-0.23,6.56
239517,iShares U.S. Oil & Gas Exploration & Production ETF,61.30,-0.63,-2.54
272824,iShares Edge MSCI Multifactor USA ETF,28.24,-0.28,2.06
251865,iShares MSCI India Index ETF,7.40,0.07,4.45
261149,iShares Gold (CH),120.72,0.28,4.61
239655,iShares MSCI Global Metals & Mining Producers ETF,28.80,-0.47,12.72
239733,iShares Core Conservative Allocation ETF,33.17,-0.10,0.74
239648,iShares MSCI France ETF,24.97,0.39,0.57
251859,iShares MSCI EM Small Cap UCITS ETF,63.67,0.12,4.66
251603,iShares BRIC 50 UCITS ETF,25.65,0.34,4.46
239528,iShares Emerging Markets Local Currency Bond ETF,44.89,-0.21,2.80
251800,iShares Asia Property Yield UCITS ETF,25.63,0.16,4.25
239629,iShares MSCI Emerging Markets Asia ETF,57.96,-0.03,5.81
239751,iShares Global Telecom ETF,59.18,-0.47,0.92
239748,iShares Global Materials ETF,58.80,-0.19,7.22
239585,iShares Morningstar Multi-Asset Income ETF,25.02,0.05,1.24
239684,iShares MSCI Sweden Capped ETF,30.42,0.63,5.80
272342,iShares® iBonds® Dec 2021 Term Corporate ETF,24.80,0.02,0.41
258098,iShares 0-5 Year Investment Grade Corporate Bond ETF,50.38,0.02,0.28
251847,iShares $ EM Corp Bond UCITS ETF,100.87,0.15,1.33
283722,iShares US Mortgage Backed Securities UCITS ETF,4.90,-0.08,-0.06
251766,iShares EM Dividend UCITS ETF,21.27,-0.15,5.90
277246,iShares Edge MSCI World Multifactor UCITS ETF,5.76,0.46,2.32
251855,iShares MSCI Eastern Europe Capped UCITS ETF,22.20,1.32,2.28
271056,iShares® iBonds® Dec 2020 Term Corporate ETF,25.37,0.01,0.56
251770,iShares Dow Jones Industrial Average UCITS ETF (DE),197.70,-0.03,0.54
272341,iShares® iBonds® Dec 2019 Term Corporate ETF,24.95,0.01,0.36
239518,iShares U.S. Oil Equipment & Services ETF,43.96,-1.56,0.62
270054,iShares Edge MSCI World Quality Factor UCITS ETF,29.02,0.25,1.48
251465,iShares Edge MSCI USA Size Factor ETF,75.93,-0.30,1.90
268704,iShares Currency Hedged MSCI Emerging Markets ETF,22.16,-0.90,4.30
239669,iShares MSCI Malaysia ETF,29.54,0.09,3.05
239504,iShares U.S. Broker-Dealers & Securities Exchanges ETF,52.16,-1.72,4.22
239526,iShares Emerging Markets Dividend ETF,39.09,-0.17,5.84
270051,iShares Edge MSCI World Momentum Factor UCITS ETF,29.95,0.30,3.56
239606,iShares MSCI All Peru Capped ETF,34.17,-0.31,6.80
239586,iShares Morningstar Small-Cap ETF,159.93,-1.46,0.44
283872,iShares Fallen Angels High Yield Corp Bond UCITS ETF,5.18,-0.10,2.36
279626,iShares Core International Aggregate Bond ETF,51.76,0.07,-1.02
239767,iShares New York Muni Bond ETF,110.09,0.04,0.43
239676,iShares MSCI Poland Capped ETF,21.14,-0.74,10.79
264507,iShares® iBonds® Dec 2018 Term Corporate ETF,25.16,0.02,0.20
253723,iShares MSCI EM Asia UCITS ETF,121.53,0.21,5.82
251909,iShares Oil & Gas Exploration & Production UCITS ETF,18.67,0.76,-2.53
239722,iShares Russell Top 200 Value ETF,49.04,-0.14,0.26
239752,iShares Global Timber & Forestry ETF,56.54,-0.32,1.99
239459,iShares CMBS ETF,51.25,0.01,0.61
272343,iShares® iBonds® Dec 2022 Term Corporate ETF,24.89,0.02,0.53
264544,iShares Interest Rate Hedged High Yield Bond ETF,91.40,-0.07,0.90
239745,iShares Global Industrials ETF,79.67,-0.01,2.61
272822,iShares Edge MSCI Multifactor Intl ETF,24.28,0.37,2.75
239527,iShares Emerging Markets High Yield Bond ETF,50.01,0.03,1.96
239430,iShares® iBonds® Sep 2017 Term Muni Bond ETF,27.29,0.04,0.11
239583,iShares Morningstar Mid-Cap Growth ETF,173.00,-0.87,3.82
239739,iShares Global Consumer Discretionary ETF,94.39,-0.38,3.19
239551,iShares Global High Yield Corporate Bond ETF,49.23,0.12,1.52
239614,iShares MSCI BRIC ETF,35.39,-0.45,6.35
270057,iShares Edge MSCI World Size Factor UCITS ETF,29.06,0.26,3.41
254263,iShares® iBonds® Sep 2018 Term Muni Bond ETF,25.50,0.06,0.32
239642,iShares MSCI Emerging Markets Small-Cap ETF,44.60,-0.03,4.59
239671,iShares MSCI Netherlands ETF,25.51,0.29,1.90
272340,iShares® iBonds® Dec 2017 Term Corporate ETF,24.84,0.02,0.16
258117,iShares $ Ultrashort Bond UCITS ETF,100.15,0.01,0.12
239668,iShares MSCI Kokusai ETF,57.53,-0.19,2.29
270319,iShares Commodities Select Strategy ETF,34.49,0.29,1.31
251879,iShares MSCI Turkey UCITS ETF,23.14,0.10,3.53
239675,iShares MSCI Philippines ETF,33.74,-0.18,5.99
239461,iShares GNMA Bond ETF,49.85,0.01,-0.12
269394,iShares® iBonds® Sep 2020 Term Muni Bond ETF,25.58,0.09,0.87
239424,iShares Core 10+ Year USD Bond ETF,61.86,0.24,0.53
258510,iShares® iBonds® Sep 2019 Term Muni Bond ETF,25.52,0.03,0.63
239515,iShares U.S. Insurance ETF,61.54,-0.04,0.07
284219,iShares Automation & Robotics UCITS ETF,5.70,0.38,6.87
239462,iShares Government/Credit Bond ETF,113.20,0.06,0.28
272346,iShares® iBonds® Dec 2025 Term Corporate ETF,24.63,0.13,0.16
239672,iShares MSCI New Zealand Capped ETF,43.31,1.48,7.95
239654,iShares MSCI Global Gold Miners ETF,18.96,-1.35,12.83
251394,iShares MSCI World Islamic UCITS ETF,29.27,0.38,1.58
272124,iShares $ Treasury Bond 20+yr UCITS ETF,4.52,-0.04,0.36
239666,iShares MSCI Japan Small-Cap ETF,66.15,0.56,3.73
239753,iShares Global Utilities ETF,47.19,0.62,0.96
272344,iShares® iBonds® Dec 2023 Term Corporate ETF,24.89,0.03,0.69
239734,iShares International Developed Property ETF,35.51,-0.02,2.03
239693,iShares MSCI USA Equal Weighted ETF,50.01,-0.48,2.45
251911,iShares Global Clean Energy UCITS ETF,5.14,1.13,4.26
258806,iShares Ultra Short-Term Bond ETF,50.05,0.00,0.14
283778,iShares MSCI EAFE ESG Optimized ETF,58.18,0.25,2.84
253745,iShares $ Treasury Bond 7-10yr UCITS ETF USD (Acc),137.09,-0.01,0.13
239587,iShares Morningstar Small-Cap Growth ETF,152.20,-1.54,2.78
239663,iShares MSCI Israel Capped ETF,50.40,-0.04,3.49
271544,iShares Edge U.S. Fixed Income Balanced Risk ETF,99.79,0.05,0.36
257320,iShares $ Corp Bond Interest Rate Hedged UCITS ETF,96.72,0.01,-0.05
251768,iShares Dow Jones Global Sustainability Screened UCITS ETF,34.02,0.21,2.09
239721,iShares Russell Top 200 ETF,54.05,-0.19,1.85
280510,iShares S&P 500 Information Technology Sector UCITS ETF,6.12,0.52,4.39
239609,iShares MSCI Austria Capped ETF,17.49,0.30,5.07
254551,iShares® iBonds® Mar 2018 Term Corporate ETF,25.64,0.03,0.20
239431,iShares Aaa - A Rated Corporate Bond ETF,51.87,0.10,0.10
276546,iShares® iBonds® Dec 2021 Term Muni Bond ETF,25.67,0.10,0.99
251875,iShares MSCI Poland UCITS ETF,18.50,2.15,10.41
276544,iShares® iBonds® Dec 2022 Term Muni Bond ETF,25.74,0.03,1.07
272345,iShares® iBonds® Dec 2024 Term Corporate ETF,24.72,0.10,0.33
239660,iShares MSCI India Small-Cap ETF,38.51,0.72,6.90
251910,iShares EM Infrastructure UCITS ETF,21.48,0.06,2.46
251474,iShares® iBonds® Mar 2018 Term Corporate ex-Financials ETF,24.65,0.02,0.16
251476,iShares® iBonds® Mar 2020 Term Corporate ex-Financials ETF,24.63,0.01,0.37
254553,iShares® iBonds® Mar 2020 Term Corporate ETF,26.20,0.02,0.42
280507,iShares S&P 500 Health Care Sector UCITS ETF,5.22,0.47,2.22
251912,iShares Global Timber & Forestry UCITS ETF,21.17,1.26,1.98
239831,iShares JPX-Nikkei 400 ETF,55.96,0.25,3.80
239544,iShares Core U.S. REIT ETF,50.53,-0.71,0.12
239610,iShares MSCI Belgium Capped ETF,17.93,0.38,1.02
239537,iShares MSCI Europe Small-Cap ETF,45.89,0.45,3.36
254555,iShares® iBonds® Mar 2023 Term Corporate ETF,26.39,0.02,0.54
239770,iShares North American Tech-Multimedia Networking ETF,46.12,-1.11,1.31
239738,iShares Global Clean Energy ETF,8.63,-0.26,4.17
273763,iShares Currency Hedged MSCI United Kingdom ETF,23.39,0.06,0.49
275765,iShares MSCI EMU USD Hedged UCITS ETF (Acc),5.19,0.65,5.88
275382,iShares Edge MSCI Intl Value Factor ETF,22.93,0.15,3.17
258443,iShares Physical Silver ETC,17.58,0.61,6.43
253499,iShares $ Treasury Bond 1-3yr UCITS ETF USD (Acc),105.75,-0.01,0.09
239525,iShares Emerging Markets Corporate Bond ETF,50.55,0.04,1.34
239829,iShares 1-3 Year International Treasury Bond ETF,78.34,0.07,2.76
253734,iShares MSCI Mexico Capped UCITS ETF,106.45,0.90,2.14
251723,iShares Emerging Asia Local Govt Bond UCITS ETF,88.78,-0.04,2.74
251707,iShares Agribusiness UCITS ETF,30.25,-0.22,2.71
239656,iShares MSCI Global Silver Miners ETF,11.76,-0.10,18.42
273768,iShares Currency Hedged MSCI ACWI ex U.S. ETF,23.79,-0.33,1.17
239662,iShares MSCI Ireland Capped ETF,39.22,0.05,2.28
239759,iShares International Preferred Stock ETF,16.99,-1.39,6.50
239550,iShares International High Yield Bond ETF,46.71,0.11,3.04
251404,iShares Global AAA-AA Govt Bond UCITS ETF,86.99,-0.58,0.97
251849,iShares MSCI AC Far East ex-Japan Small Cap UCITS ETF,26.98,0.07,3.86
239621,iShares MSCI Denmark Capped ETF,53.82,0.23,5.11
251877,iShares MSCI South Africa UCITS ETF,31.32,-0.85,2.77
251722,iShares Barclays USD Asia High Yield Bond Index ETF,10.86,0.07,1.50
239613,iShares MSCI Brazil Small-Cap ETF,14.03,-0.01,16.71
273753,iShares Currency Hedged MSCI Spain ETF,20.55,0.40,1.30
264542,iShares Interest Rate Hedged Corporate Bond ETF,94.76,-0.01,0.36
277532,iShares Edge MSCI USA Multifactor UCITS ETF,6.12,0.87,2.05
264273,iShares MSCI Qatar Capped ETF,19.84,-1.88,1.25
251765,iShares Dow Jones China Offshore 50 UCITS ETF (DE),42.02,-0.49,6.29
253733,iShares MSCI Korea UCITS ETF USD (Acc),133.90,1.02,7.65
251393,iShares MSCI USA Islamic UCITS ETF,39.15,0.56,1.04
251825,iShares J.P. Morgan USD Asia Credit Bond Index ETF,10.60,0.10,1.09
251477,iShares® iBonds® Mar 2023 Term Corporate ex-Financials ETF,24.25,0.01,0.50
239735,iShares Emerging Markets Infrastructure ETF,29.99,-0.18,2.42
239443,iShares Asia/Pacific Dividend ETF,48.43,0.36,3.97
264275,iShares MSCI UAE Capped ETF,17.03,-1.33,1.60
283777,iShares MSCI EM ESG Optimized ETF,59.16,-0.38,5.51
239539,iShares Europe Developed Real Estate ETF,34.10,0.42,-0.95
272825,iShares Edge MSCI Multifactor USA Small-Cap ETF,35.64,-1.62,-0.25
283948,iShares MSCI EM SRI UCITS ETF,5.56,0.20,4.02
284217,iShares Digitalisation UCITS ETF,4.99,0.35,4.17
239653,iShares MSCI Global Energy Producers ETF,19.41,-0.27,-3.37
264613,iShares Edge MSCI Min Vol Japan ETF,59.47,0.17,2.76
272820,iShares Edge MSCI Multifactor Emerging Markets ETF,39.25,-0.38,6.09
239647,iShares MSCI Finland Capped ETF,33.63,0.18,0.18
272112,iShares Short Maturity Municipal Bond ETF,50.01,0.03,0.24
273192,iShares MSCI China A UCITS ETF,3.65,0.29,3.19
239652,iShares MSCI Global Agriculture Producers ETF,26.06,0.24,3.52
239691,iShares MSCI United Kingdom Small-Cap ETF,35.90,0.20,2.24
253720,iShares MSCI Brazil UCITS ETF USD (Acc),73.30,0.37,10.66
272137,iShares US Equity Buyback Achievers UCITS ETF,5.98,0.75,1.13
280503,iShares S&P 500 Energy Sector UCITS ETF,5.41,0.68,-3.61
264611,iShares Edge MSCI Min Vol Europe ETF,22.10,0.27,1.12
239673,iShares MSCI Norway Capped ETF,22.56,0.28,5.50
285539,iShares Core 5-10 Year USD Bond ETF,49.20,0.03,0.31
285027,iShares iBonds® Dec 2026 Term Corporate ETF,24.11,0.14,0.00
253433,iShares Commodity Optimized Trust,36.88,0.81,1.02
251392,iShares MSCI EM Islamic UCITS ETF,14.87,0.40,5.84
271540,iShares Edge MSCI Intl Quality Factor ETF,25.47,0.01,2.28
239651,iShares MSCI Germany Small-Cap ETF,44.44,0.45,4.68
282434,iShares Core MSCI Taiwan Index ETF,1.24,-0.05,4.91
283565,iShares MSCI USA SRI UCITS ETF,5.66,0.60,2.70
271538,iShares Edge MSCI Intl Momentum Factor ETF,25.93,-0.23,3.87
272821,iShares Edge MSCI Multifactor Global ETF,25.42,-0.09,3.22
260652,iShares Treasury Floating Rate Bond ETF,50.16,0.00,0.02
239620,iShares MSCI China Small-Cap ETF,44.44,-0.11,3.98
283378,iShares MSCI Global Impact ETF,49.82,0.20,3.20
285206,iShares Edge MSCI USA Size Factor UCITS ETF,5.59,0.67,2.56
280526,iShares S&P 500 Consumer Discretionary Sector UCITS ETF,5.53,0.60,4.20
280052,iShares Edge MSCI Min Vol EAFE Currency Hedged ETF,25.08,-0.16,0.58
284218,iShares Ageing Population UCITS ETF,5.30,0.23,3.03
272819,iShares Convertible Bond ETF,50.81,-0.51,2.67
283737,iShares International Dividend Growth ETF,50.39,-0.20,2.59
264127,iShares Yield Optimized Bond ETF,24.89,0.01,0.57
254562,iShares MSCI Colombia Capped ETF,13.15,-1.26,3.41
284216,iShares Healthcare Innovation UCITS ETF,4.84,0.08,2.60
282428,iShares Core KOSPI 200 Index ETF,1.19,0.58,-
251864,iShares MSCI GCC ex-Saudi Arabia UCITS ETF,37.28,0.28,3.73
258442,iShares Physical Platinum ETC,14.64,1.11,9.22
283855,iShares Fallen Angels USD Bond ETF,27.32,0.11,2.00
281015,iShares TA-25 Israel UCITS ETF,5.32,-0.11,-2.24
283857,iShares iBoxx $ High Yield ex Oil & Gas Corporate Bond ETF,52.25,0.13,1.04
272823,iShares Edge MSCI Multifactor Intl Small-Cap ETF,25.85,0.08,4.50
275397,iShares Interest Rate Hedged 10+ Year Credit Bond ETF,25.15,0.12,1.09
273318,iShares MSCI China A ETF,26.33,0.32,3.33
285208,iShares Edge MSCI USA Momentum Factor UCITS ETF,5.36,0.71,3.28
286007,iShares MSCI USA ESG Optimized ETF,51.77,-0.30,1.84
282238,iShares NASDAQ 100 Index ETF,1.27,0.48,6.23
271049,iShares MSCI Target US Real Estate UCITS ETF,25.37,0.84,-0.23
284609,iShares Edge MSCI Min Vol USA Small-Cap ETF,26.66,-0.80,0.50
273746,iShares Currency Hedged MSCI Italy ETF,14.69,-0.12,-4.37
264606,iShares Edge MSCI Min Vol Asia ex Japan ETF,31.13,-0.12,3.66
271542,iShares MSCI Saudi Arabia Capped ETF,24.37,-0.13,-0.84
280049,iShares Edge MSCI Min Vol EM Currency Hedged ETF,23.82,-0.40,1.03
273771,iShares Currency Hedged MSCI EAFE Small-Cap ETF,26.51,-0.14,0.94
264658,iShares MSCI EM Consumer Growth UCITS ETF,26.02,0.14,5.35
280774,iShares Adaptive Currency Hedged MSCI Japan ETF,25.11,-0.51,0.16
275384,iShares Edge MSCI Intl Size Factor ETF,24.60,0.09,3.24
256574,iShares Physical Palladium ETC,22.68,0.91,11.80
275399,iShares Interest Rate Hedged Emerging Markets Bond ETF,25.86,-0.03,1.75
273759,iShares Currency Hedged MSCI Switzerland ETF,24.59,-0.15,1.61
273743,iShares Currency Hedged MSCI Australia ETF,23.27,-0.38,-0.22
280050,iShares Edge MSCI Min Vol Europe Currency Hedged ETF,23.10,-0.03,-0.76
280797,iShares Edge MSCI Multifactor Technology ETF,32.96,-0.54,4.19
280794,iShares Edge MSCI Multifactor Financials ETF,31.89,-0.22,0.43
280783,iShares Edge MSCI Multifactor Industrials ETF,29.47,-0.56,1.39
280780,iShares Edge MSCI Multifactor Materials ETF,29.40,0.25,4.83
280791,iShares Edge MSCI Multifactor Healthcare ETF,27.52,-0.35,2.76
285209,iShares Edge MSCI USA Quality Factor UCITS ETF,5.49,0.53,1.19
280785,iShares Edge MSCI Multifactor Consumer Discretionary ETF,27.38,-0.86,3.14
280048,iShares Edge MSCI Min Vol Global Currency Hedged ETF,26.86,-0.11,0.74
280799,iShares Edge MSCI Multifactor Utilities ETF,26.57,0.89,0.48
280777,iShares Edge MSCI Multifactor Energy ETF,26.36,-0.32,-4.19
273766,iShares Currency Hedged MSCI ACWI ETF,25.92,-0.33,1.69
279286,iShares Currency Hedged JPX-Nikkei 400 ETF,25.69,-0.51,0.00
280788,iShares Edge MSCI Multifactor Consumer Staples ETF,25.65,0.26,1.53
280769,iShares Adaptive Currency Hedged MSCI EAFE ETF,25.34,-0.21,1.14
273750,iShares Currency Hedged MSCI South Korea ETF,25.32,-0.18,4.31
273775,iShares Currency Hedged MSCI Canada ETF,25.11,-0.89,0.80
280771,iShares Adaptive Currency Hedged MSCI Eurozone ETF,24.45,-0.07,0.33
273748,iShares Currency Hedged MSCI Mexico ETF,20.34,-0.83,2.08
275389,iShares Currency Hedged International High Yield Bond ETF,26.53,0.00,0.38
280051,iShares Currency Hedged MSCI Europe Small-Cap ETF,25.71,0.10,1.14
285970,iShares MSCI Japan SRI UCITS ETF,-,-,-
286082,iShares Core S&P 500 UCITS ETF,-,-,-
282959,iShares® iBonds® Dec 2023 Term Muni Bond ETF,-,-,-
282961,iShares® iBonds® Dec 2024 Term Muni Bond ETF,-,-,-
282964,iShares® iBonds® Dec 2025 Term Muni Bond ETF,-,-,-
286021,iShares OMX Stockholm Capped UCITS ETF,41.67,0.88,1.19
251895,iShares NAFTRAC,46.85,-1.04,2.84
269128,iShares MSCI Mexico Risk TRAC,22.40,-0.46,1.41
251822,iShares IPC LargeCap Total Return TRAC,49.05,-1.15,3.58
251846,iShares Mexico Corporate Bond TRAC,8.90,-0.10,0.78
268675,iShares S&P 500 Peso Hedged TRAC,34.95,-0.32,2.30
251826,iShares S&P/VALMER Mexico CETETRAC,103.25,0.00,0.45
251830,iShares S&P/VALMER Mexico UDITRAC,118.18,-0.31,0.60
251829,iShares S&P/VALMER Mexico M5TRAC,87.29,-0.10,0.88
251823,iShares IPC MidCap Total Return TRAC,33.73,0.07,-1.94
251828,iShares S&P/VALMER Mexico M10TRAC,95.82,-0.32,0.99
269125,iShares MSCI Mexico Momentum TRAC,42.18,-1.17,5.65
251821,iShares IPC CompMx Total Return TRAC,33.00,-0.98,2.78
251820,iShares INMEX TRAC,58.84,-1.09,3.72
269025,iShares Russell 2000 ETF,"15,466.91",1.42,17.21
269017,iShares Core MSCI Emerging Markets ETF,"5,130.51",0.35,6.22
269026,iShares Core High Dividend ETF,"9,274.66",0.45,11.83
269024,iShares S&P 100 ETF,"11,480.04",0.68,7.36
269027,iShares U.S. Real Estate ETF,"8,760.87",0.60,3.34
271018,iShares $ High Yield Corp Bond UCITS ETF,"11,861.98",0.13,-1.28
271020,iShares EM Local Govt Bond UCITS ETF,"7,013.33",0.45,-0.23
251897,iShares Core Nikkei 225 ETF,"19,829.00",-0.01,-0.40
271021,iShares $ Treasury Bond 7-10yr UCITS ETF,"21,883.18",-0.21,-2.17
270795,iShares JPX-Nikkei 400 ETF,"14,039.00",0.02,0.18
269023,iShares MSCI Frontier 100 ETF,"3,117.94",0.12,-0.07
279438,iShares Core TOPIX ETF,"1,556.34",0.10,0.20
279435,iShares Japan REIT ETF,"1,826.57",0.19,-0.44
253742,iShares Nikkei 225 UCITS ETF,"17,657.24",0.68,-0.43
251898,iShares Nikkei 225® UCITS ETF (DE),"1,878.26",0.02,-0.44
269022,iShares MSCI Kokusai ETF,"6,367.17",0.53,4.61
279436,iShares MSCI Japan High Dividend ETF,"1,980.61",0.17,-0.30
283201,iShares JPX/S&P CAPEX & Human Capital ETF,"1,392.55",0.12,-0.29
279437,iShares MSCI Japan Minimum Volatility (ex-REITs) ETF,"1,685.56",0.03,-1.00
283198,iShares US Treasury Bond 7-10 Year JPY Hedged ETF,"2,362.73",-0.01,-0.11
251797,iShares FTSE A50 China Index ETF* (* This is a synthetic ETF),11.44,0.16,-8.97
251579,iShares Core MSCI AC Asia ex Japan Index ETF,42.78,0.06,6.88
251576,iShares MSCI China Index ETF,20.44,-0.50,6.88
251590,iShares Core S&P BSE SENSEX India Index ETF,18.97,0.51,4.43
284479,iShares Core Hang Seng Index ETF,87.10,0.99,-
251754,iShares Core CSI 300 Index ETF,24.66,-1.31,-15.77
251592,iShares MSCI Emerging Asia Index ETF,43.72,-0.09,6.75
251758,iShares CSI A-Share Financials Index ETF* (* This is a synthetic ETF),13.51,0.12,-12.58
251756,iShares CSI A-Share Consumer Staples Index ETF* (* This is a synthetic ETF),27.06,0.00,24.28
251755,iShares CSI A-Share Consumer Discretionary Index ETF* (* This is a synthetic ETF),21.08,0.00,-10.82
251760,iShares CSI A-Share Infrastructure Index ETF* (* This is a synthetic ETF),12.53,0.00,-15.00
251757,iShares CSI A-Share Energy Index ETF* (* This is a synthetic ETF),5.73,0.00,-2.53
251761,iShares CSI A-Share Materials Index ETF* (* This is a synthetic ETF),11.23,0.00,11.10
251795,iShares Core FTSE 100 UCITS ETF,7.20,-0.34,-0.57
251806,iShares Core UK Gilts UCITS ETF,13.09,-0.13,-1.75
251839,iShares Core £ Corp Bond UCITS ETF,144.06,-0.11,-1.37
251840,iShares £ Corp Bond 0-5yr UCITS ETF,107.21,-0.03,-0.02
251804,iShares UK Gilts 0-5yr UCITS ETF,133.78,-0.04,-0.31
251717,iShares £ Index-Linked Gilts UCITS ETF,17.60,-1.02,-0.03
251796,iShares FTSE 250 UCITS ETF,18.06,0.14,0.43
251807,iShares UK Dividend UCITS ETF,9.06,-0.08,-1.66
251802,iShares UK Property UCITS ETF,5.85,-0.14,-4.32
251892,iShares MSCI World GBP Hedged UCITS ETF (Acc),46.88,0.53,1.20
253716,iShares FTSE 100 UCITS ETF,105.11,-0.34,-0.57
251841,iShares £ Corp Bond ex-Financials UCITS ETF,126.08,-0.13,-1.47
251869,iShares MSCI Japan GBP Hedged UCITS ETF (Acc),52.25,0.58,0.16
258120,iShares £ Ultrashort Bond UCITS ETF,100.30,-0.01,0.05
251904,iShares S&P 500 GBP Hedged UCITS ETF (Acc),55.09,0.61,1.72
253739,iShares MSCI UK UCITS ETF,99.23,-0.34,-0.54
253488,iShares Global High Yield Corp Bond GBP Hedged UCITS ETF (Dist),102.35,0.19,0.85
253474,iShares MSCI UK Small Cap UCITS ETF,188.16,0.11,0.41
272403,iShares MSCI Europe ex-UK GBP Hedged UCITS ETF (Dist),4.71,0.67,2.84
253471,iShares MSCI UK Large Cap UCITS ETF,117.42,-0.42,-0.76
272400,iShares MSCI Target UK Real Estate UCITS ETF,4.77,-0.16,-3.06
282425,iShares FTSE 100 Index ETF,0.85,0.36,0.61
286083,iShares Core S&P 500 UCITS ETF,-,-,-
251464,iShares Core DAX® UCITS ETF (DE),101.95,0.20,0.46
251726,iShares Core € Corp Bond UCITS ETF,129.02,-0.05,-0.60
251783,iShares EURO STOXX 50 UCITS ETF (DE),32.99,0.60,-1.71
251843,iShares € High Yield Corp Bond UCITS ETF,107.36,0.05,0.49
251860,iShares MSCI Europe UCITS ETF EUR (Dist),23.28,0.63,-0.39
251931,iShares STOXX Europe 600 UCITS ETF (DE),36.33,0.58,-0.31
251781,iShares EURO STOXX 50 UCITS ETF,33.80,0.81,-1.72
251565,iShares € Corp Bond Large Cap UCITS ETF,135.22,-0.05,-0.83
251728,iShares € Corp Bond 1-5yr UCITS ETF,110.35,0.00,-0.18
253712,iShares Core EURO STOXX 50 UCITS ETF,98.35,0.81,-1.70
251868,iShares MSCI Japan EUR Hedged UCITS ETF (Acc),44.58,0.58,0.08
258114,iShares € Ultrashort Bond UCITS ETF,100.44,0.00,0.02
251729,iShares € Corp Bond ex-Financials UCITS ETF,116.75,-0.04,-0.71
251903,iShares S&P 500 EUR Hedged UCITS ETF (Acc),53.91,0.65,1.65
251845,iShares MDAX® UCITS ETF (DE),197.89,0.10,1.20
251730,iShares € Corp Bond ex-Financials 1-5yr UCITS ETF,109.99,0.01,-0.22
251863,iShares MSCI Europe ex-UK UCITS ETF,30.14,0.72,-0.08
251725,iShares € Aggregate Bond UCITS ETF,120.09,-0.17,-1.50
251736,iShares € Govt Bond 3-5yr UCITS ETF,167.92,-0.18,-0.67
251808,iShares European Property Yield UCITS ETF,37.79,-0.27,-2.69
254531,iShares J.P. Morgan $ EM Bond EUR Hedged UCITS ETF (Dist),100.24,0.17,1.28
251733,iShares € Govt Bond 1-3yr UCITS ETF,143.97,-0.08,-0.23
254572,iShares Global Corp Bond EUR Hedged UCITS ETF (Dist),104.93,-0.04,-0.08
253729,iShares MSCI EMU UCITS ETF,102.65,0.67,-0.99
251739,iShares € Inflation Linked Govt Bond UCITS ETF,202.88,-0.33,-1.72
251842,iShares € Covered Bond UCITS ETF,154.59,-0.05,-0.33
251784,iShares EURO STOXX Banks 30-15 UCITS ETF (DE),12.22,1.13,0.43
251780,iShares EURO STOXX UCITS ETF (DE),35.24,0.51,-0.99
251973,iShares STOXX Global Select Dividend 100 UCITS ETF (DE),27.83,-0.36,0.09
251732,iShares € Corp Bond Interest Rate Hedged UCITS ETF,97.03,-0.01,0.04
251381,iShares Edge MSCI Europe Minimum Volatility UCITS ETF,38.81,0.49,-1.03
251740,iShares Core € Govt Bond UCITS ETF,120.49,-0.24,-2.09
251778,iShares Pfandbriefe UCITS ETF (DE),105.18,0.01,-0.49
251772,iShares Diversified Commodity Swap UCITS ETF (DE),20.51,-0.60,-2.26
251929,iShares STOXX Europe 50 UCITS ETF,31.34,0.62,-1.02
251787,iShares Euro Dividend UCITS ETF,21.66,0.56,-1.34
251946,iShares STOXX Europe 600 Health Care UCITS ETF (DE),70.49,0.77,-1.18
272058,iShares Edge MSCI Europe Value Factor UCITS ETF,5.62,0.62,-0.25
251891,iShares MSCI World EUR Hedged UCITS ETF (Acc),45.61,0.55,1.11
251788,iShares EURO STOXX Select Dividend 30 UCITS ETF (DE),19.82,0.46,-1.35
251763,iShares DivDAX® UCITS ETF (DE),16.45,0.07,-0.29
251934,iShares STOXX Europe 600 Banks UCITS ETF (DE),17.75,1.30,1.82
251861,iShares MSCI Europe UCITS ETF EUR (Acc),46.46,0.63,-0.39
251954,iShares STOXX Europe 600 Oil & Gas UCITS ETF (DE),31.39,1.39,-4.57
253496,iShares MSCI EMU Small Cap UCITS ETF,171.99,0.27,1.14
272249,iShares € Corp Bond BBB-BB UCITS ETF,5.04,-0.02,-0.34
251747,iShares Italy Govt Bond UCITS ETF,153.73,-0.30,-2.59
251971,iShares STOXX Europe Select Dividend 30 UCITS ETF (DE),16.38,0.74,-2.71
251805,iShares FTSE MIB UCITS ETF EUR (Dist),11.41,0.34,-3.17
251738,iShares € Govt Bond 7-10yr UCITS ETF,205.29,-0.29,-2.15
251789,iShares EURO STOXX Small UCITS ETF,30.91,0.51,0.41
251972,iShares STOXX Europe Small 200 UCITS ETF (DE),25.78,0.59,0.56
251773,iShares eb.rexx® Government Germany UCITS ETF (DE),141.89,0.06,-0.86
251786,iShares EURO STOXX Mid UCITS ETF,53.72,0.37,1.15
251735,iShares € Govt Bond 15-30yr UCITS ETF,220.91,-0.48,-4.81
280851,iShares € Corp Bond Sustainability Screened 0-3yr UCITS ETF,5.02,0.00,-0.05
251774,iShares eb.rexx® Government Germany 1.5-2.5yr UCITS ETF (DE),89.90,0.01,-0.21
251975,iShares TecDAX® UCITS ETF (DE),17.20,-0.16,1.02
251936,iShares STOXX Europe 600 Basic Resources UCITS ETF (DE),42.50,-2.66,8.48
253458,iShares € Govt Bond 3-7yr UCITS ETF,131.83,-0.17,-0.95
251749,iShares Spain Govt Bond UCITS ETF,159.04,-0.42,-1.31
251764,iShares Dow Jones Asia Pacific Select Dividend 30 UCITS ETF (DE),32.09,0.16,1.48
251967,iShares STOXX Europe 600 Utilities UCITS ETF (DE),26.55,0.40,-3.60
251834,iShares Euro Government Bond Capped 1.5-10.5yr UCITS ETF (DE),120.13,-0.07,-1.55
251779,iShares eb.rexx® Money Market UCITS ETF (DE),80.91,0.00,-0.17
251963,iShares STOXX Europe 600 Telecommunications UCITS ETF (DE),27.03,0.53,-3.49
251737,iShares € Govt Bond 5-7yr UCITS ETF,153.46,-0.21,-1.23
251712,iShares AEX UCITS ETF,49.97,0.58,-1.36
251777,iShares eb.rexx® Government Germany 5.5-10.5yr UCITS ETF (DE),142.25,0.09,-1.25
251970,iShares STOXX Europe Mid 200 UCITS ETF (DE),42.17,0.49,0.94
251930,iShares STOXX Europe 50 UCITS ETF (DE),29.97,0.82,-1.03
277248,iShares Edge MSCI Europe Multifactor UCITS ETF,5.45,0.70,-0.10
251932,iShares STOXX Europe 600 Automobiles & Parts UCITS ETF (DE),52.80,0.42,0.67
251776,iShares eb.rexx® Government Germany 2.5-5.5yr UCITS ETF (DE),108.87,0.05,-0.55
251769,iShares Dow Jones Global Titans 50 UCITS ETF (DE),31.70,-0.40,-1.00
251944,iShares STOXX Europe 600 Food & Beverage UCITS ETF (DE),60.21,1.08,-1.34
251767,iShares MSCI Europe SRI UCITS ETF,37.80,0.83,-1.24
257265,iShares MSCI EMU Large Cap UCITS ETF,32.78,0.72,-1.28
251950,iShares STOXX Europe 600 Insurance UCITS ETF (DE),27.02,1.46,-1.80
251743,iShares France Govt Bond UCITS ETF,143.53,-0.28,-2.65
257270,iShares MSCI EMU Mid Cap UCITS ETF,34.67,0.44,0.25
251706,iShares Dow Jones Eurozone Sustainability Screened UCITS ETF (DE),11.87,0.66,-1.53
251938,iShares STOXX Europe 600 Chemicals UCITS ETF (DE),85.94,-0.03,0.84
253455,iShares € Govt Bond 1-3yr UCITS ETF EUR (Acc),111.82,-0.08,-0.23
253273,iShares € Corp Bond Financials UCITS ETF,106.11,-0.06,-0.45
251961,iShares STOXX Europe 600 Technology UCITS ETF (DE),36.64,0.15,1.10
251791,iShares EURO STOXX Telecommunications 30-15 UCITS ETF (DE),33.91,0.58,-0.76
251741,iShares € Govt Bond 0-1yr UCITS ETF,100.09,0.00,-0.13
253717,iShares FTSE MIB UCITS ETF EUR (Acc),67.41,0.34,-3.18
261152,iShares Gold EUR Hedged (CH),77.41,0.28,4.47
251940,iShares STOXX Europe 600 Construction & Materials UCITS ETF (DE),43.28,0.57,0.39
251792,iShares Euro Total Market Growth Large UCITS ETF,33.58,0.81,-1.05
251948,iShares STOXX Europe 600 Industrial Goods & Services UCITS ETF (DE),47.56,0.08,0.73
258701,iShares EURO STOXX 50 ex-Financials UCITS ETF,32.48,0.97,-1.78
251793,iShares Euro Total Market Value Large UCITS ETF,21.55,0.57,-1.61
251958,iShares STOXX Europe 600 Real Estate UCITS ETF (DE),16.49,0.59,-4.02
251734,iShares € Govt Bond 10-15yr UCITS ETF,168.19,-0.39,-3.36
251969,iShares STOXX Europe Large 200 UCITS ETF (DE),36.82,0.60,-0.62
251838,iShares Euro Government Bond Capped 5.5-10.5yr UCITS ETF (DE),126.84,-0.12,-1.84
251713,iShares ATX UCITS ETF (DE),27.88,0.03,2.20
251835,iShares Euro Government Bond Capped 1.5-2.5yr UCITS ETF (DE),96.01,0.01,-0.26
251956,iShares STOXX Europe 600 Personal & Household Goods UCITS ETF (DE),78.25,0.58,1.15
285789,iShares Edge S&P 500 Minimum Volatility UCITS ETF,5.30,0.76,0.25
251836,iShares Euro Government Bond Capped 10.5+yr UCITS ETF (DE),138.41,-0.40,-4.07
283568,iShares MSCI Japan SRI EUR Hedged UCITS ETF (Acc),5.57,0.61,-0.12
272019,iShares Edge MSCI Europe Momentum Factor UCITS ETF,5.94,0.73,0.92
251811,iShares FTSEurofirst 100 UCITS ETF,27.01,0.57,-1.36
253461,iShares € Govt Bond 7-10yr UCITS ETF EUR (Acc),152.66,-0.29,-2.15
251837,iShares Euro Government Bond Capped 2.5-5.5yr UCITS ETF (DE),111.34,0.01,-0.68
251775,iShares eb.rexx® Government Germany 10.5+yr UCITS ETF (DE),179.37,-0.08,-3.20
251965,iShares STOXX Europe 600 Travel & Leisure UCITS ETF (DE),22.48,0.62,-1.77
280074,iShares € Corp Bond BB-B UCITS ETF,5.24,0.04,0.40
251812,iShares FTSEurofirst 80 UCITS ETF,11.12,0.72,-1.36
272122,iShares € Govt Bond 20yr Target Duration UCITS ETF,4.88,-0.44,-5.76
251744,iShares Germany Govt Bond UCITS ETF,139.49,-0.10,-1.30
273016,iShares JPX-Nikkei 400 EUR Hedged UCITS ETF (Acc),4.99,0.61,-2.61
251719,iShares Belgium Govt Bond UCITS ETF,150.70,-0.15,-2.76
251942,iShares STOXX Europe 600 Financial Services UCITS ETF (DE),42.15,0.30,2.93
272024,iShares Edge MSCI Europe Quality Factor UCITS ETF,5.75,0.76,-1.20
251959,iShares STOXX Europe 600 Retail UCITS ETF (DE),30.32,0.29,-2.31
269829,iShares MSCI France UCITS ETF,29.59,0.43,-1.81
251718,iShares Austria Govt Bond UCITS ETF,144.96,-0.16,-1.83
251952,iShares STOXX Europe 600 Media UCITS ETF (DE),26.82,0.30,-2.99
251748,iShares Netherlands Govt Bond UCITS ETF,141.54,-0.11,-1.70
282429,iShares DAX Index ETF,1.09,1.18,2.88
272016,iShares Edge MSCI Europe Size Factor UCITS ETF,5.97,0.62,0.75
282361,iShares EURO STOXX 50 Index ETF,1.04,0.81,0.46
251742,iShares Finland Govt Bond UCITS ETF,140.11,-0.12,-1.65
251708,Fondo Bursátil iShares COLCAP,"13,506.35",-0.33,0.23
284578,Fondo Bursatil iShares MSCI Colombia Risk Weighted,"13,020.91",-0.26,-0.51
273830,iShares MSCI China A International Index ETF,6.56,0.23,2.06
251899,iShares RMB Bond Index ETF,33.71,0.00,-0.01
261154,iShares SMI® (CH),88.90,0.22,0.84
261155,iShares SMIM® (CH),224.51,0.18,1.81
261150,iShares Core CHF Corporate Bond (CH),100.74,0.08,-0.03
264107,iShares Core SPI® (CH),107.02,0.20,1.08
261153,iShares SLI® (CH),144.51,0.00,1.87
251407,iShares MSCI World CHF Hedged UCITS ETF (Acc),40.03,0.55,1.03
251405,iShares MSCI Japan CHF Hedged UCITS ETF (Acc),47.64,0.58,0.01
261157,iShares Swiss Domestic Government Bond 3-7 (CH),91.81,0.07,-0.13
261151,iShares Gold CHF Hedged (CH),109.88,0.27,4.37
251925,iShares SLI UCITS ETF (DE),89.02,0.74,1.85
264108,iShares Swiss Dividend (CH),105.59,0.19,0.88
261622,iShares Global High Yield Corp Bond CHF Hedged UCITS ETF (Dist),94.03,0.19,0.69
273328,iShares J.P. Morgan $ EM Bond CHF Hedged UCITS ETF (Dist),4.79,0.16,1.22
261158,iShares Swiss Domestic Government Bond 7-15 (CH),120.89,0.22,-0.61
251406,iShares S&P 500 CHF Hedged UCITS ETF (Acc),42.34,0.64,1.56
261156,iShares Swiss Domestic Government Bond 1-3 (CH),80.14,0.03,-0.10
275376,iShares MSCI EMU CHF Hedged UCITS ETF (Acc),4.83,0.66,-1.01
239832,iShares S&P/TSX 60 Index ETF,22.73,-0.53,1.22
239727,iShares Core S&P 500 Index ETF (CAD- Hedged),27.03,-0.21,1.64
239837,iShares Core S&P/TSX Capped Composite Index ETF,24.46,-0.41,0.84
239493,iShares Canadian Universe Bond Index ETF,31.21,0.14,-0.17
239491,iShares Canadian Short Term Bond Index ETF,28.11,0.07,0.17
239420,iShares 1-5 Year Laddered Corporate Bond Index ETF,18.98,0.07,0.35
239485,iShares Canadian Corporate Bond Index ETF,21.40,0.14,0.35
239496,iShares Canadian Select Dividend Index ETF,25.01,-0.73,1.64
239836,iShares S&P/TSX Canadian Preferred Share Index ETF,13.88,-0.58,4.15
239843,iShares S&P/TSX Capped REIT Index ETF,16.41,0.46,-0.04
239624,iShares MSCI EAFE Index ETF (CAD-Hedged),23.94,-0.23,0.53
239840,iShares S&P/TSX Capped Financials Index ETF,36.39,-0.67,2.27
239839,iShares S&P/TSX Capped Energy Index ETF,12.49,-0.30,-8.52
239834,iShares S&P/TSX Canadian Dividend Aristocrats Index ETF,26.58,-0.50,0.06
239422,iShares 1-5 Year Laddered Government Bond Index ETF,18.52,0.07,0.07
251422,iShares Core S&P 500 Index ETF,39.11,0.84,-1.09
251421,iShares Core MSCI EAFE IMI Index ETF,27.44,1.33,0.12
239848,iShares S&P/TSX Global Gold Index ETF,12.97,1.21,10.24
239828,iShares US Dividend Growers Index ETF (CAD-Hedged),38.03,-0.45,0.70
239495,iShares Diversified Monthly Income ETF,11.48,-0.12,0.95
239858,iShares U.S. High Yield Bond Index ETF (CAD-Hedged),20.11,0.09,0.88
239492,iShares Core Canadian Short Term Corporate + Maple Bond Index ETF,19.59,0.08,0.39
239697,iShares MSCI World Index ETF,44.40,0.82,-0.49
239846,iShares Core S&P/TSX Composite High Dividend Index ETF,21.59,-0.27,0.01
239486,iShares Canadian Government Bond Index ETF,21.69,0.14,-0.38
239488,iShares Canadian HYBrid Corporate Bond Index ETF,20.76,0.14,0.80
239490,iShares Canadian Real Return Bond Index ETF,24.09,0.26,-1.82
239476,iShares Canadian Financial Monthly Income ETF,7.46,-0.59,2.42
239433,iShares Core High Quality Canadian Bond Index ETF,20.73,0.13,-0.08
272269,iShares Gold Bullion ETF,10.95,-0.13,4.41
239489,iShares Core Canadian Long Term Bond Index ETF,23.42,0.25,-0.89
239711,iShares U.S. Small Cap Index ETF (CAD-Hedged),29.63,-1.51,0.22
239487,iShares Floating Rate Index ETF,20.08,0.00,-0.02
239851,iShares S&P/TSX North American Preferred Stock Index ETF (CAD-Hedged),18.25,-0.39,3.17
239548,iShares Global Agriculture Index ETF,36.55,1.14,-1.83
239743,iShares Global Healthcare Index ETF (CAD-Hedged),41.17,-0.11,1.45
239857,iShares U.S. High Dividend Equity Index ETF (CAD-Hedged),27.52,0.05,-0.74
251423,iShares Core MSCI Emerging Markets IMI Index ETF,23.79,0.29,3.59
239416,iShares 1-10 Year Laddered Corporate Bond Index ETF,19.46,0.11,0.44
239478,iShares Canadian Fundamental Index ETF,15.24,-0.48,1.52
239625,iShares Edge MSCI Min Vol EAFE Index ETF,32.75,1.08,0.30
239569,iShares International Fundamental Index ETF,18.67,1.24,0.42
239845,iShares S&P/TSX Completion Index ETF,24.85,-0.05,-0.34
239636,iShares MSCI Emerging Markets Index ETF,28.15,0.12,3.68
262831,iShares MSCI Europe IMI Index ETF,21.39,1.42,-0.63
239418,iShares 1-10 Year Laddered Government Bond Index ETF,19.10,0.09,0.02
239439,iShares Short Duration High Income ETF (CAD-Hedged),18.47,0.02,0.38
239441,iShares U.S. High Yield Fixed Income Index ETF (CAD-Hedged),19.40,0.08,1.00
272108,iShares Core MSCI All Country World ex Canada Index ETF,22.70,0.73,-0.21
239863,iShares US Fundamental Index ETF,30.98,-0.33,0.76
239842,iShares S&P/TSX Capped Materials Index ETF,13.37,0.28,9.27
239576,iShares Japan Fundamental Index ETF (CAD-Hedged),14.13,0.15,0.51
239698,iShares NASDAQ 100 Index ETF (CAD-Hedged),43.80,-0.28,5.04
239556,iShares Global Monthly Dividend Index ETF (CAD-Hedged),18.98,0.09,0.90
239694,iShares Edge MSCI Min Vol USA Index ETF,43.10,1.06,-1.54
239852,iShares S&P/TSX Small Cap Index ETF,16.85,-0.18,0.48
262832,iShares MSCI Europe IMI Index ETF (CAD-Hedged),22.67,-0.06,-0.25
271493,iShares Short Term Strategic Fixed Income ETF,19.36,0.12,0.59
239532,iShares Equal Weight Banc & Lifeco ETF,12.30,-0.88,2.46
239435,iShares Convertible Bond Index ETF,19.06,-0.03,0.77
239860,iShares US Fundamental Index ETF,34.54,0.73,-1.97
275742,iShares Conservative Short Term Strategic Fixed Income ETF,20.04,0.13,0.48
239558,iShares Global Real Estate Index ETF,28.91,0.69,-2.09
239859,iShares U.S. IG Corporate Bond Index ETF (CAD-Hedged),23.11,0.08,0.08
269105,iShares Core Short Term High Quality Canadian Bond Index ETF,19.79,0.07,0.18
275744,iShares Conservative Strategic Fixed Income ETF,20.25,0.20,0.39
275749,iShares S&P U.S. Mid-Cap Index ETF (CAD-Hedged),17.09,-1.08,1.65
239838,iShares S&P/TSX Capped Consumer Staples Index ETF,51.57,-1.05,-1.39
239755,iShares Global Water Index ETF,30.38,1.08,0.81
239475,iShares Canadian Financial Monthly Income ETF,6.89,-0.60,2.34
272102,iShares Core MSCI EAFE IMI Index ETF (CAD-Hedged),20.83,-0.19,0.45
272104,iShares Core S&P U.S. Total Market Index ETF,24.26,0.66,-1.15
239847,iShares S&P/TSX Global Base Metals Index ETF,11.98,0.10,16.77
239604,iShares Edge MSCI Min Vol Global Index ETF,36.15,1.02,-0.98
239414,iShares Premium Money Market ETF,50.00,0.00,0.04
239616,iShares Edge MSCI Min Vol Canada Index ETF,28.73,-0.44,0.16
239844,iShares S&P/TSX Capped Utilities Index ETF,21.95,0.12,1.40
277692,iShares Edge MSCI Multifactor USA Index ETF,24.03,0.78,-0.87
241528,iShares Gold Bullion ETF,14.66,0.97,1.66
239640,iShares Edge MSCI Min Vol Emerging Markets Index ETF,24.90,0.67,0.82
239498,iShares Canadian Value Index ETF,25.58,-0.43,1.11
239531,iShares Equal Weight Banc & Lifeco ETF,9.13,-0.88,2.39
239419,iShares 1-5 Year Laddered Corporate Bond Index ETF,18.89,0.07,0.30
275746,iShares S&P U.S. Mid-Cap Index ETF,17.54,-0.03,-1.13
239833,iShares S&P/TSX Canadian Dividend Aristocrats Index ETF,26.41,-0.50,-0.01
239449,iShares Balanced Income CorePortfolio™ Index ETF,22.03,-0.07,0.27
239554,iShares Global Infrastructure Index ETF,26.24,0.60,0.69
239470,iShares BRIC Index ETF,21.33,-0.75,9.63
277693,iShares Edge MSCI Multifactor USA Index ETF (CAD-Hedged),24.52,-0.14,1.65
286272,Dynamic iShares Active Preferred Shares ETF,21.00,-0.76,-
239841,iShares S&P/TSX Capped Information Technology Index ETF,13.93,-0.64,0.64
251242,iShares S&P Global Consumer Discretionary Index ETF (CAD-Hedged),30.21,-0.50,2.15
272952,iShares Silver Bullion ETF,10.15,-0.34,6.16
239732,iShares India Index ETF,30.87,0.93,-2.63
239474,iShares Emerging Markets Fundamental Index ETF,34.94,0.54,3.53
272106,iShares Core S&P U.S. Total Market Index ETF (CAD-Hedged),22.51,-0.51,1.40
239497,iShares Canadian Growth Index ETF,29.45,-0.55,-0.71
239574,iShares Jantzi Social Index ETF,23.28,-0.25,0.66
277690,iShares Edge MSCI Multifactor EAFE Index ETF,21.39,1.54,-0.23
239573,iShares J.P. Morgan USD Emerging Markets Bond Index ETF (CAD-Hedged),21.40,0.01,1.63
251243,iShares S&P Global Industrials Index ETF (CAD-Hedged),29.22,-0.22,1.57
239447,iShares Balanced Growth CorePortfolio™ Index ETF,19.87,0.07,0.49
239481,iShares China Index ETF,24.38,0.84,2.78
239442,iShares Alternatives Completion Portfolio Builder Fund,28.02,0.18,0.57
239827,iShares US Dividend Growers Index ETF (CAD-Hedged),37.75,-0.45,0.63
239421,iShares 1-5 Year Laddered Government Bond Index ETF,18.41,0.06,0.02
239862,iShares US Fundamental Index ETF,30.60,-0.33,0.69
239835,iShares S&P/TSX Canadian Preferred Share Index ETF,13.85,-0.58,4.10
283151,iShares Edge MSCI Min Vol EAFE Index ETF (CAD-Hedged),20.79,-0.13,-
272110,iShares U.S. High Dividend Equity Index ETF,23.00,1.11,-3.49
239477,iShares Canadian Fundamental Index ETF,15.15,-0.49,1.44
239611,iShares MSCI Brazil Index ETF,13.81,-1.00,7.50
240642,iShares Silver Bullion ETF,9.67,0.77,3.42
277689,iShares Edge MSCI Multifactor Canada Index ETF,22.90,-0.35,2.52
239438,iShares Short Duration High Income ETF (CAD-Hedged),18.41,0.02,0.33
239547,iShares Global Agriculture Index ETF,35.66,1.13,-1.90
239440,iShares U.S. High Yield Fixed Income Index ETF (CAD-Hedged),19.34,0.08,0.95
239562,iShares Growth Core Portfolio Builder Fund,27.80,0.11,0.32
277691,iShares Edge MSCI Multifactor EAFE Index ETF (CAD-Hedged),22.76,0.09,0.07
239483,iShares Conservative Core Portfolio Builder Fund,23.37,0.09,0.14
239568,iShares International Fundamental Index ETF,18.62,1.24,0.35
239861,iShares US Fundamental Index ETF,34.17,0.73,-2.01
239555,iShares Global Monthly Dividend Index ETF (CAD-Hedged),18.82,0.09,0.83
239549,iShares Global Completion Portfolio Builder Fund,29.97,0.21,0.40
239448,iShares Balanced Income CorePortfolio™ Index ETF,21.91,-0.08,0.17
283153,iShares Edge MSCI Min Vol USA Index ETF (CAD-Hedged),21.85,-0.07,-
286273,Dynamic iShares Active Crossover Bond ETF,20.35,0.08,-
239446,iShares Balanced Growth CorePortfolio™ Index ETF,20.05,0.07,0.39
286270,Dynamic iShares Active U.S. Dividend ETF,20.93,0.69,-
286271,Dynamic iShares Active Canadian Dividend ETF,20.19,-0.16,-
283155,iShares Edge MSCI Min Vol Global Index ETF (CAD-Hedged),21.09,-0.05,-
286269,Dynamic iShares Active Global Dividend ETF,21.03,1.03,-
239754,iShares Global Water Index ETF,30.14,1.08,0.74
239432,iShares Core High Quality Canadian Bond Index ETF,20.63,0.12,-0.13
239415,iShares 1-10 Year Laddered Corporate Bond Index ETF,19.37,0.11,0.39
239417,iShares 1-10 Year Laddered Government Bond Index ETF,18.98,0.09,-0.03
239469,iShares BRIC Index ETF,21.34,-0.76,9.55
239473,iShares Emerging Markets Fundamental Index ETF,34.69,0.53,3.45
239413,iShares Premium Money Market ETF,50.00,0.00,0.01
239434,iShares Convertible Bond Index ETF,18.97,-0.03,0.72
239553,iShares Global Infrastructure Index ETF,26.21,0.60,0.62
239557,iShares Global Real Estate Index ETF,28.44,0.69,-2.16
239575,iShares Japan Fundamental Index ETF (CAD-Hedged),13.75,0.15,0.44
251816,iShares Ibovespa Fundo de Índice,62.88,0.58,7.33
251902,iShares S&P 500 FI em Cotas de Fundo de Índice - Inv. no Exterior,74.51,0.87,-2.72
251711,iShares Índice Carbono Eficiente (ICO2) Brasil Fundo de Índice,71.97,1.44,5.83
251752,iShares BM&FBOVESPA Small Cap Fundo de Índice,61.15,0.57,11.41
251817,iShares IBrX-Índice Brasil (IBrX-100) Fundo de Índice,52.71,0.62,7.11
275304,iShares Core S&P 500 ETF,300.32,0.62,12.43
273432,iShares MSCI EAFE ETF,78.00,0.19,1.44
275305,iShares Russell 2000 ETF,178.10,1.38,21.94
273425,iShares Core S&P Mid-Cap ETF,221.27,1.18,21.20
273426,iShares Core S&P Small-Cap ETF,89.81,1.46,27.09
273417,iShares MSCI Emerging Markets ETF,48.79,0.28,11.04
273434,iShares MSCI Japan ETF,66.03,0.19,2.45
273436,iShares MSCI South Korea Capped ETF,75.62,0.02,7.63
273424,iShares China Large-Cap ETF,47.49,-0.26,2.22
273437,iShares MSCI Taiwan Capped ETF,40.81,0.15,17.90
273427,iShares Europe ETF,52.20,0.30,0.01
273428,iShares Global 100 ETF,102.38,0.58,9.28
273433,iShares MSCI Hong Kong ETF,27.27,-0.07,2.24
273430,iShares Global Healthcare ETF,127.62,0.48,-5.74
273429,iShares Global Consumer Staples ETF,123.52,0.49,1.83
273435,iShares MSCI Singapore Capped ETF,28.34,-0.13,1.59
251852,iShares Core S&P/ASX 200 ETF,23.85,0.49,-0.79
273416,iShares Asia 50 ETF,64.64,-0.14,12.35
273431,iShares Global Telecom ETF,76.64,-0.04,6.09
251977,iShares Core Composite Bond ETF,104.91,-0.14,0.61
251921,iShares S&P/ASX 20 ETF,24.13,0.44,-0.61
251922,iShares S&P/ASX Dividend Opportunities ETF,14.10,0.66,-0.14
273392,iShares MSCI BRIC ETF,44.92,0.22,11.82
271027,iShares S&P 500 AUD Hedged ETF,301.78,0.57,1.79
251978,iShares Government Inflation ETF,112.52,-0.18,0.61
251923,iShares S&P/ASX Small Ordinaries ETF,4.25,-0.02,-2.50
275246,iShares Core Global Corporate Bond (AUD Hedged) ETF,105.29,0.18,0.11
271031,iShares Global 100 AUD Hedged ETF,109.91,0.42,0.33
251979,iShares Treasury ETF,101.93,-0.18,0.57
275248,iShares Global High Yield Bond (AUD Hedged) ETF,109.00,0.08,0.64
284665,iShares Edge MSCI World Multifactor ETF,26.88,0.64,-2.43
284667,iShares Edge MSCI World Minimum Volatility ETF,25.87,0.47,-2.32
284664,iShares Edge MSCI Australia Multifactor ETF,26.66,0.18,-0.52
284666,iShares Edge MSCI Australia Minimum Volatility ETF,26.13,0.53,-1.97
283117,iShares Core MSCI World All Cap ETF,27.96,0.71,-2.58
275254,iShares J.P. Morgan USD Emerging Markets Bond (AUD Hedged) ETF,105.37,0.09,1.50
283119,iShares Core MSCI World All Cap (AUD Hedged) ETF,29.17,0.68,1.13
286096,RBA Cash,-,-,-
